"Date","Luang Prabang","Chieang Saen","NongKhai","Chieng Khan","VienTiean","Mukdahan","KhongCham","Pakse","Stungtreng","Kratie","Kompongcham","Phnompenh Port","Tan Chau"
"Jan-80","4.08","1.69","1.62","3.76","1.20","1.58","2.07","1.06","2.29","6.94","3.54","1.51","1.08"
"Feb-80","3.39","1.41","1.12","2.94","0.89","1.29","1.74","0.77","2.04","6.32","2.85","1.16","0.86"
"Mar-80","3.02","1.25","0.85","2.44","0.70","1.17","1.58","0.65","1.90","5.97","2.47","0.97","0.59"
"Apr-80","3.29","1.60","1.08","2.56","0.93","1.18","1.57","0.65","1.85","5.85","2.32","0.90","0.56"
"May-80","3.88","1.99","1.81","3.39","1.53","1.63","2.10","1.14","2.25","6.84","3.42","1.42","0.57"
"Jun-80","6.20","3.38","4.34","6.46","3.55","3.84","4.58","3.30","3.71","10.15","6.76","3.23","1.03"
"Jul-80","10.31","5.41","7.48","9.80","6.56","7.00","8.06","6.25","5.82","14.34","10.38","4.70","1.95"
"Aug-80","13.26","6.77","9.99","12.05","9.11","9.39","10.50","8.40","7.27","16.93","12.24","6.43","2.83"
"Sep-80","13.18","5.96","10.96","12.54","10.10","11.26","13.50","10.99","9.51","20.58","14.39","8.68","4.09"
"Oct-80","10.45","5.41","7.44","9.90","6.86","6.56","8.74","6.91","6.94","16.36","11.86","8.71","4.43"
"Nov-80","7.02","3.27","4.26","6.90","3.84","3.67","5.46","4.01","4.97","12.73","9.10","7.27","3.70"
"Dec-80","5.52","2.31","2.80","5.28","2.38","2.49","3.41","2.00","3.11","8.87","5.56","4.75","2.36"
"Jan-81","4.54","1.57","1.98","4.18","1.55","1.92","2.60","1.34","2.50","7.44","4.09","3.10","1.42"
"Feb-81","3.86","1.24","1.48","3.38","1.12","1.59","2.11","1.03","2.21","6.74","3.33","2.06","1.16"
"Mar-81","3.41","1.12","1.11","2.87","0.79","1.38","1.87","0.88","2.03","6.31","2.84","1.33","0.82"
"Apr-81","3.40","1.17","1.20","2.73","0.78","1.30","1.84","0.87","2.01","6.23","2.41","1.00","0.51"
"May-81","5.78","2.79","3.10","5.21","2.47","2.41","2.83","1.70","2.55","7.56","3.24","1.30","0.66"
"Jun-81","8.84","4.35","6.06","8.52","5.24","6.81","8.61","6.67","6.27","15.05","9.43","4.78","2.03"
"Jul-81","11.33","5.64","9.00","11.04","8.00","10.02","11.61","9.36","7.97","18.11","12.05","7.06","3.19"
"Aug-81","12.86","5.89","9.81","11.93","8.83","10.53","12.85","10.52","9.42","20.41","14.23","8.73","4.15"
"Sep-81","11.99","5.30","8.99","11.20","8.13","9.26","10.59","8.44","7.61","17.52","12.65","8.72","4.05"
"Oct-81","9.12","3.87","6.40","8.89","5.82","6.82","7.91","6.15","6.46","15.53","11.29","8.07","3.64"
"Nov-81","8.30","3.66","5.38","8.12","4.83","4.40","5.11","3.73","4.72","12.27","8.74","6.59","3.02"
"Dec-81","6.41","2.50","3.80","6.36","3.21","3.10","3.75","2.45","3.46","9.65","6.33","4.69","2.06"
"Jan-82","5.05","1.77","2.60","4.93","1.97","2.19","2.71","1.60","2.67","7.85","4.06","3.04","1.37"
"Feb-82","4.19","1.39","1.90","3.97","1.31","1.70","2.29","1.21","2.31","6.98","3.06","1.97","0.94"
"Mar-82","3.37","0.97","1.27","3.06","0.82","1.40","1.84","0.91","2.07","6.39","2.41","1.28","0.71"
"Apr-82","3.91","1.31","1.66","3.28","1.10","1.52","1.85","0.97","2.06","6.37","2.33","1.15","0.75"
"May-82","3.77","1.38","1.66","3.24","1.05","1.64","2.03","1.15","2.24","6.83","2.49","1.11","0.70"
"Jun-82","6.76","3.24","4.02","6.41","3.28","3.44","3.76","2.67","3.33","9.28","4.30","1.96","0.92"
"Jul-82","9.02","4.66","6.18","8.70","5.39","5.97","6.44","5.05","5.70","14.14","8.78","4.67","1.62"
"Aug-82","13.68","6.12","9.66","11.58","8.90","9.53","10.32","8.28","7.36","17.05","11.21","6.38","2.76"
"Sep-82","10.70","4.63","8.19","9.93","7.56","8.69","11.10","9.11","8.76","19.38","13.58","8.46","3.98"
"Oct-82","10.19","4.40","7.72","9.89","6.98","7.70","9.56","7.73","7.13","16.67","11.93","8.48","4.23"
"Nov-82","7.11","2.75","4.31","6.80","3.72","3.85","4.72","3.51","4.12","11.03","7.71","6.16","3.19"
"Dec-82","5.52","1.88","3.03","5.31","2.39","2.56","2.99","1.97","2.92","8.42","5.25","4.06","2.23"
"Jan-83","4.45","1.34","2.23","4.21","1.54","1.92","2.31","1.34","2.40","7.21","3.78","2.68","1.39"
"Feb-83","3.76","1.02","1.71","3.41","1.11","1.57","1.99","0.98","2.15","6.59","2.83","1.63","0.95"
"Mar-83","3.65","1.15","1.52","3.05","0.98","1.44","1.86","0.92","2.02","6.26","2.31","1.16","0.77"
"Apr-83","3.57","1.30","1.62","2.95","0.95","1.37","1.81","0.84","1.93","6.04","2.05","0.89","0.60"
"May-83","4.04","1.72","1.96","3.39","1.29","1.52","1.96","1.02","2.07","6.38","2.15","0.93","0.58"
"Jun-83","5.60","2.83","3.43","5.57","2.63","2.80","3.38","2.37","2.90","8.33","3.41","1.51","0.71"
"Jul-83","7.44","4.07","5.04","7.44","4.21","4.79","5.60","4.05","4.20","11.18","6.04","3.05","1.31"
"Aug-83","11.00","5.53","8.38","10.70","7.46","8.13","10.16","7.43","6.81","16.12","10.40","5.79","2.52"
"Sep-83","12.38","5.86","9.63","11.61","8.82","9.05","10.50","8.52","7.45","17.26","11.83","7.24","3.28"
"Oct-83","9.10","4.09","6.54","9.01","5.92","6.47","8.27","6.65","7.44","17.19","12.21","8.21","3.90"
"Nov-83","8.90","4.28","5.83","8.51","5.28","4.58","6.06","4.60","5.07","12.93","9.26","7.22","3.65"
"Dec-83","6.31","2.71","3.67","6.21","3.07","2.97","3.61","2.46","3.36","9.41","6.26","4.97","2.51"
"Jan-84","5.36","2.16","2.87","5.19","2.16","2.25","2.57","1.57","2.57","7.61","4.35","3.25","1.64"
"Feb-84","4.24","1.58","2.04","4.00","1.33","1.71","2.01","1.05","2.19","6.69","3.17","2.16","1.23"
"Mar-84","3.37","1.09","1.37","3.09","0.76","1.30","1.53","0.73","1.95","6.08","2.42","1.34","0.88"
"Apr-84","3.36","1.24","1.35","2.88","0.67","1.21","1.45","0.60","1.87","5.88","2.10","0.92","0.63"
"May-84","3.81","1.53","1.83","3.48","1.09","1.98","2.39","1.46","2.47","7.37","2.88","1.28","0.76"
"Jun-84","5.95","3.01","3.31","5.59","2.53","4.09","4.68","3.50","4.06","10.90","5.74","2.71","1.21"
"Jul-84","11.17","5.90","8.10","10.39","7.22","8.26","9.11","7.37","6.36","15.36","9.78","5.30","2.31"
"Aug-84","11.42","5.06","8.40","10.55","7.52","9.47","12.38","10.41","9.49","20.51","13.85","7.99","3.62"
"Sep-84","11.31","5.03","8.55","10.69","7.80","8.47","10.91","9.14","8.87","19.51","13.95","9.24","4.71"
"Oct-84","9.10","4.05","6.54","8.94","5.93","5.96","7.36","5.90","6.57","15.73","11.43","8.48","4.20"
"Nov-84","6.78","2.77","4.29","6.76","3.70","3.86","4.68","3.52","4.43","11.66","8.25","6.58","3.34"
"Dec-84","4.86","1.94","2.80","5.09","2.15","2.43","2.79","1.84","3.00","8.61","5.43","4.26","2.12"
"Jan-85","4.18","1.49","2.06","4.09","1.45","1.90","2.14","1.28","2.46","7.35","3.90","2.78","1.39"
"Feb-85","3.62","1.16","1.52","3.18","1.00","1.59","1.81","0.94","2.21","6.73","2.98","1.85","1.08"
"Mar-85","2.99","0.91","1.04","2.51","0.55","1.34","1.58","0.80","2.02","6.26","2.47","1.34","0.88"
"Apr-85","3.25","1.24","1.22","2.61","0.69","1.24","1.47","0.72","1.94","6.06","2.13","0.98","0.62"
"May-85","4.34","1.88","1.93","3.52","1.31","1.74","2.06","1.24","2.52","7.50","3.12","1.47","0.81"
"Jun-85","7.53","4.18","4.68","7.11","3.90","4.91","6.40","4.77","4.71","11.96","6.72","3.31","1.39"
"Jul-85","9.96","5.48","6.97","9.32","6.08","6.90","7.91","6.40","6.30","15.24","9.99","5.72","2.46"
"Aug-85","12.93","5.99","9.23","11.48","8.37","9.64","11.66","9.57","8.49","18.96","12.86","7.45","3.25"
"Sep-85","14.11","6.89","10.63","12.67","9.77","9.71","11.52","9.42","8.71","19.32","13.61","8.61","4.06"
"Oct-85","9.30","4.65","6.58","9.04","6.00","5.90","7.21","5.80","5.96","14.63","10.59","8.08","4.01"
"Nov-85","8.88","3.99","5.51","8.09","4.95","4.29","4.87","3.69","4.08","10.96","7.59","6.01","2.99"
"Dec-85","6.57","2.64","3.95","6.41","3.40","3.19","3.62","2.55","3.42","9.53","6.06","4.61","2.19"
"Jan-86","5.57","1.89","2.62","4.86","2.15","2.16","2.42","1.45","2.55","7.57","4.05","2.91","1.45"
"Feb-86","4.69","1.43","1.87","3.90","1.43","1.70","1.98","1.06","2.23","6.80","3.02","1.88","1.04"
"Mar-86","3.70","1.16","1.41","3.17","0.96","1.36","1.64","0.80","2.01","6.23","2.43","1.27","0.76"
"Apr-86","3.27","1.30","1.34","2.93","0.88","1.21","1.48","0.67","1.88","5.90","2.03","0.94","0.58"
"May-86","5.08","2.07","3.11","5.15","2.48","3.04","3.32","2.22","2.88","8.27","3.56","1.56","0.73"
"Jun-86","6.10","2.63","4.19","6.21","3.41","5.69","6.23","5.01","4.58","11.98","6.68","3.33","1.37"
"Jul-86","9.17","4.58","6.11","8.51","5.23","6.97","8.59","6.34","5.95","14.57","9.09","4.95","2.03"
"Aug-86","11.05","5.00","8.31","10.44","7.44","8.31","11.09","8.53","8.45","18.90","12.87","7.43","3.27"
"Sep-86","10.09","4.65","7.58","9.74","6.73","8.00","10.64","7.88","8.12","18.34","13.01","8.47","4.01"
"Oct-86","9.45","4.66","6.44","9.03","5.78","5.28","6.60","4.87","5.69","14.13","10.17","7.78","3.80"
"Nov-86","6.98","3.18","4.44","6.90","3.83","3.61","4.14","3.18","4.00","10.79","7.50","5.95","2.97"
"Dec-86","5.31","2.32","2.89","5.23","2.36","2.35","2.65","1.84","2.96","8.52","5.30","4.04","1.95"
"Jan-87","4.69","1.93","2.37","4.49","1.84","1.84","2.08","1.16","2.38","7.16","3.75","2.63","1.31"
"Feb-87","4.01","1.62","1.87","3.66","1.32","1.55","1.75","0.92","2.13","6.54","2.83","1.70","0.90"
"Mar-87","3.41","1.35","1.47","2.95","0.92","1.31","1.54","0.74","1.95","6.09","2.32","1.14","0.64"
"Apr-87","3.04","1.42","1.39","2.64","0.80","1.16","1.38","0.63","1.80","5.71","2.04","0.92","0.55"
"May-87","3.13","1.55","1.54","2.79","0.97","1.30","1.56","0.78","1.90","5.97","2.09","0.85","0.44"
"Jun-87","4.84","2.60","2.89","4.60","2.28","2.73","3.07","2.08","2.89","8.30","3.65","1.60","0.69"
"Jul-87","7.08","3.69","3.97","6.24","3.28","4.60","5.75","4.68","5.50","13.75","8.38","4.32","1.77"
"Aug-87","10.20","5.53","7.59","9.82","6.70","8.11","9.42","7.53","6.54","15.49","9.69","5.34","2.23"
"Sep-87","11.18","5.89","8.41","10.54","7.54","8.14","10.09","8.28","8.26","18.59","12.93","7.86","3.61"
"Oct-87","9.48","4.50","6.90","9.19","6.19","5.94","7.06","5.56","5.76","14.22","9.99","7.26","3.47"
"Nov-87","7.29","3.41","4.54","7.11","3.95","3.60","4.13","2.95","3.70","10.17","6.98","5.28","2.56"
"Dec-87","5.38","2.29","3.09","5.15","2.44","2.48","2.85","1.87","2.91","8.39","5.32","3.85","1.84"
"Jan-88","4.31","1.69","2.15","3.86","1.58","1.76","2.07","1.16","2.23","6.79","4.36","2.39","1.19"
"Feb-88","3.36","1.32","1.63","3.10","1.13","1.43","1.72","0.85","1.99","6.19","3.65","1.56","0.93"
"Mar-88","3.03","1.29","1.37","2.58","0.83","1.26","1.59","0.69","1.82","5.76","3.14","1.13","0.67"
"Apr-88","3.43","1.41","1.35","2.52","0.90","1.23","1.32","0.64","1.74","5.54","2.81","0.98","0.60"
"May-88","5.15","2.41","3.04","4.84","2.46","2.32","2.45","1.61","2.32","6.99","2.68","1.16","0.57"
"Jun-88","6.08","3.03","4.04","6.19","3.26","3.56","4.56","3.49","4.07","10.94","5.62","2.86","1.10"
"Jul-88","8.21","4.03","5.88","8.20","5.03","5.18","5.50","4.24","4.30","11.39","6.03","3.37","1.32"
"Aug-88","12.41","5.62","8.99","11.26","8.17","9.12","10.17","8.22","7.00","16.47","11.24","6.01","2.51"
"Sep-88","11.03","5.17","8.16","10.27","7.37","7.57","8.06","6.43","6.04","14.79","10.85","6.33","2.75"
"Oct-88","8.62","4.02","6.19","8.62","5.55","5.47","6.47","5.09","6.22","15.09","10.35","6.78","3.01"
"Nov-88","6.31","2.67","3.74","6.19","3.18","3.18","3.85","2.74","3.90","10.56","7.36","5.48","2.62"
"Dec-88","5.10","2.03","2.65","4.88","2.08","2.19","2.56","1.53","2.72","7.97","4.88","3.45","1.61"
"Jan-89","3.93","1.48","1.73","3.63","1.25","1.57","1.92","0.91","2.34","6.67","4.02","2.13","1.08"
"Feb-89","3.28","1.17","1.16","2.75","0.77","1.27","1.54","0.65","2.05","5.94","3.28","1.38","0.71"
"Mar-89","3.07","1.04","0.96","2.37","0.55","1.09","1.35","0.49","1.90","5.58","2.90","1.05","0.56"
"Apr-89","2.94","1.05","0.95","2.22","0.45","1.08","1.39","0.50","1.90","5.58","2.90","0.85","0.41"
"May-89","3.88","1.73","1.80","3.20","1.24","1.71","2.13","1.15","2.35","6.66","3.98","1.03","0.48"
"Jun-89","6.37","2.85","3.80","6.09","3.06","4.47","4.98","3.76","4.14","10.66","7.73","2.76","1.08"
"Jul-89","8.68","4.33","6.05","8.44","5.25","5.79","6.34","4.95","5.10","12.51","9.18","3.75","1.51"
"Aug-89","10.86","5.19","7.98","10.20","7.17","8.30","9.89","8.18","7.98","17.75","12.95","6.81","2.94"
"Sep-89","10.06","4.76","7.43","9.57","6.61","7.45","8.77","7.14","7.61","17.13","12.56","7.45","3.30"
"Oct-89","10.59","5.38","7.83","10.10","7.17","7.07","7.80","6.25","6.43","15.09","11.21","7.56","3.53"
"Nov-89","7.40","3.30","4.69","7.22","4.13","4.05","4.63","3.38","4.25","10.89","7.92","5.66","2.77"
"Dec-89","5.45","2.32","2.79","5.20","2.32","2.42","2.88","1.72","2.93","8.06","5.39","3.53","1.66"
"Jan-90","4.32","1.76","1.84","3.98","1.47","1.84","2.24","1.15","2.41","6.84","4.06","2.28","1.20"
"Feb-90","3.70","1.50","1.34","3.06","1.01","1.52","1.84","0.87","2.15","6.20","3.22","1.46","0.85"
"Mar-90","3.49","1.41","1.35","2.84","0.97","1.51","1.87","0.90","2.07","5.98","2.96","1.16","0.75"
"Apr-90","3.27","1.40","1.04","2.44","0.69","1.24","1.56","0.67","1.94","5.66","2.69","0.89","0.56"
"May-90","4.94","2.65","2.33","4.22","1.83","1.93","2.20","1.16","2.31","6.56","2.98","1.02","0.59"
"Jun-90","9.08","4.71","6.49","8.82","5.62","6.75","7.17","5.73","5.58","13.43","8.13","3.94","1.61"
"Jul-90","12.19","6.13","8.48","10.90","7.68","8.61","9.47","7.72","6.87","15.87","10.04","5.66","2.31"
"Aug-90","11.56","5.24","8.54","10.64","7.68","9.15","10.72","8.80","8.37","18.38","12.57","7.38","3.26"
"Sep-90","10.13","4.89","7.68","9.76","6.77","8.54","10.87","9.02","9.04","19.43","13.75","8.50","4.00"
"Oct-90","9.44","4.75","6.93","9.23","6.13","6.38","8.07","6.59","7.53","16.98","12.33","8.60","4.23"
"Nov-90","7.18","3.06","4.46","7.06","3.93","3.91","4.99","3.75","4.94","12.31","8.64","6.85","3.42"
"Dec-90","5.38","2.14","2.78","5.19","2.32","2.48","3.02","1.96","3.30","8.88","6.41","4.47","2.19"
"Jan-91","4.39","1.62","1.98","4.11","1.58","1.83","2.22","1.24","2.66","7.34","4.92","2.91","1.41"
"Feb-91","3.64","1.28","1.46","3.21","1.08","1.49","1.83","0.90","2.34","6.53","3.87","1.90","1.00"
"Mar-91","3.28","1.13","1.16","2.63","0.80","1.31","1.63","0.74","2.12","6.05","3.11","1.20","0.71"
"Apr-91","3.76","1.47","1.48","2.94","1.07","1.43","1.66","0.79","2.12","6.01","2.95","0.98","0.59"
"May-91","4.38","2.00","2.09","3.83","1.60","1.65","1.77","1.00","2.31","6.35","3.08","0.94","0.56"
"Jun-91","7.13","3.62","3.97","6.60","3.28","3.52","3.62","2.59","3.44","8.70","4.76","1.73","0.86"
"Jul-91","10.93","5.53","7.78","10.20","6.89","7.39","7.99","6.49","6.29","14.51","8.95","4.66","1.90"
"Aug-91","13.61","7.06","9.69","12.06","8.82","10.24","11.99","9.94","9.07","19.20","13.13","7.37","3.13"
"Sep-91","11.98","5.87","9.02","11.01","8.07","8.88","11.33","9.37","9.06","20.13","14.54","9.22","4.54"
"Oct-91","10.04","4.98","6.99","9.48","6.34","5.88","7.98","6.37","6.89","16.62","12.40","8.83","4.27"
"Nov-91","8.07","3.91","5.05","7.73","4.56","4.05","5.10","3.77","4.39","11.03","8.43","6.53","3.17"
"Dec-91","5.95","2.60","3.05","5.67","2.64","2.55","2.92","1.90","3.13","8.11","5.70","4.26","2.01"
"Jan-92","5.06","2.12","2.32","4.77","1.92","1.99","2.51","1.33","2.68","7.26","4.95","2.90","1.42"
"Feb-92","4.17","1.79","1.72","3.83","1.30","1.63","2.13","1.00","2.39","6.66","3.94","1.88","0.99"
"Mar-92","3.90","1.69","1.54","3.45","1.10","1.44","1.94","0.83","2.18","6.19","3.30","1.24","0.69"
"Apr-92","4.09","1.73","1.67","3.40","1.20","1.40","1.70","0.74","2.09","5.98","2.82","0.89","0.52"
"May-92","3.93","1.68","1.56","3.26","1.10","1.48","1.74","0.88","2.30","6.33","2.39","0.87","0.49"
"Jun-92","4.57","2.02","2.39","4.16","1.89","2.80","3.40","2.36","3.61","9.03","4.49","1.75","0.74"
"Jul-92","7.74","3.90","4.81","7.42","4.12","5.66","6.28","4.89","5.23","12.49","7.59","3.60","1.47"
"Aug-92","8.05","3.63","5.94","8.12","5.14","6.96","8.99","7.42","7.87","17.51","11.82","6.31","2.68"
"Sep-92","8.06","3.71","5.66","8.09","4.94","6.36","8.19","6.68","7.03","17.11","12.23","7.53","3.43"
"Oct-92","8.07","3.92","5.39","8.01","4.74","4.62","5.67","4.39","5.23","13.39","9.60","6.88","3.27"
"Nov-92","6.45","2.75","3.94","6.41","3.39","3.21","3.85","2.67","3.88","10.61","7.18","5.35","2.59"
"Dec-92","5.27","1.97","2.67","5.12","2.17","2.09","2.51","1.45","2.86","7.80","4.58","3.21","1.56"
"Jan-93","4.23","1.44","1.95","3.91","1.46","1.66","2.12","1.05","2.49","6.86","3.41","2.09","1.12"
"Feb-93","3.60","1.24","1.33","2.91","0.84","1.29","1.75","0.73","2.14","6.10","2.61","1.25","0.79"
"Mar-93","3.30","1.04","1.22","2.65","0.72","1.19","1.65","0.64","1.99","5.81","2.26","0.97","0.65"
"Apr-93","3.26","1.06","0.99","2.42","0.60","1.09","1.58","0.56","1.83","5.50","1.97","0.73","0.51"
"May-93","4.04","1.52","1.86","3.41","1.35","1.82","2.27","1.09","2.35","6.37","2.46","0.88","0.48"
"Jun-93","4.99","2.41","2.42","4.33","1.85","3.63","3.85","2.62","3.42","8.77","4.31","1.75","0.76"
"Jul-93","9.40","4.65","6.64","8.97","5.76","8.18","8.50","6.75","6.27","14.39","9.15","4.55","1.85"
"Aug-93","11.48","6.04","7.97","10.45","7.17","8.94","9.65","7.90","7.65","17.34","11.76","6.43","2.70"
"Sep-93","11.93","5.86","9.18","11.12","8.24","8.53","9.68","7.94","7.74","18.01","12.69","7.56","3.37"
"Oct-93","9.28","4.53","6.27","8.78","5.54","5.11","5.55","4.21","5.30","13.57","9.76","7.11","3.39"
"Nov-93","7.29","3.24","4.39","6.96","3.87","3.49","3.71","2.61","3.67","9.78","6.69","5.07","2.43"
"Dec-93","5.32","2.28","2.51","4.92","2.12","2.19","2.37","1.46","3.09","8.27","5.03","3.57","1.69"
"Jan-94","4.19","1.95","1.75","3.77","1.36","1.67","1.76","1.02","2.48","6.84","3.52","2.24","1.14"
"Feb-94","3.60","1.74","1.39","3.02","0.99","1.45","1.55","0.90","2.22","6.17","2.65","1.37","0.76"
"Mar-94","3.36","1.65","0.99","2.40","0.64","1.20","1.27","0.66","1.92","5.69","2.32","1.08","0.71"
"Apr-94","3.90","1.95","1.70","3.14","1.27","1.51","1.57","0.87","2.18","6.02","2.31","0.94","0.60"
"May-94","4.36","2.29","2.06","3.86","1.63","1.77","1.87","1.10","2.42","6.53","2.50","0.97","0.49"
"Jun-94","8.21","4.42","5.61","7.93","4.83","6.45","6.75","5.22","5.13","12.11","7.03","3.31","1.30"
"Jul-94","11.12","5.06","8.14","10.40","7.17","9.41","10.33","8.47","7.98","17.64","11.90","6.34","2.66"
"Aug-94","13.29","5.82","10.16","12.19","9.11","11.40","12.63","10.37","9.05","19.75","13.98","8.19","3.77"
"Sep-94","11.97","5.10","9.67","11.49","8.78","9.94","11.97","9.88","9.36","20.51","14.66","9.22","4.43"
"Oct-94","9.47","4.31","6.77","9.19","6.22","6.40","7.52","5.97","6.13","15.30","11.47","8.65","4.27"
"Nov-94","6.25","2.78","3.56","6.24","3.26","3.16","3.60","2.49","3.63","9.73","7.04","5.65","2.72"
"Dec-94","5.90","2.65","3.14","5.80","2.84","2.60","2.92","1.89","3.11","8.39","5.32","3.99","1.81"
"Jan-95","4.62","1.94","2.12","4.34","1.81","1.95","2.23","1.31","2.63","7.27","4.00","2.75","1.17"
"Feb-95","3.89","1.62","1.48","3.42","1.20","1.50","1.80","0.92","2.30","6.49","3.02","1.75","0.81"
"Mar-95","3.73","1.74","1.31","3.02","1.03","1.32","1.64","0.79","2.11","6.10","2.52","1.11","0.56"
"Apr-95","3.06","1.02","0.88","2.41","0.60","1.16","1.43","0.66","1.96","5.88","2.27","0.88","0.43"
"May-95","4.48","2.48","1.99","3.83","1.64","1.75","1.98","1.17","2.32","6.50","2.56","0.94","0.38"
"Jun-95","6.41","3.39","3.95","6.22","3.41","4.16","4.37","3.14","3.70","9.28","4.75","1.96","0.70"
"Jul-95","10.31","5.63","7.30","9.75","6.50","7.37","7.87","6.33","5.94","13.71","8.50","4.21","1.59"
"Aug-95","14.11","6.85","11.24","13.10","10.23","11.13","12.36","10.07","8.53","18.57","12.75","6.94","2.86"
"Sep-95","12.71","6.17","10.74","12.12","9.60","11.10","12.60","10.32","9.13","20.07","14.44","8.78","4.03"
"Oct-95","9.80","4.98","7.14","9.72","6.71","6.38","7.93","6.24","6.51","16.14","11.78","8.71","4.11"
"Nov-95","7.43","3.76","4.61","7.39","4.33","3.75","4.73","3.44","4.35","11.35","8.37","6.71","3.07"
"Dec-95","5.85","2.75","3.27","5.78","2.88","2.70","3.21","2.00","3.21","8.65","5.83","4.51","1.93"
"Jan-96","4.62","2.05","2.27","4.39","1.89","1.90","2.53","1.31","2.86","7.35","4.25","3.04","1.27"
"Feb-96","4.08","1.80","1.75","3.48","1.42","1.57","1.91","1.00","2.42","6.56","3.24","2.03","0.93"
"Mar-96","3.62","1.69","1.51","3.07","1.18","1.42","1.78","0.90","2.33","6.27","2.63","1.38","0.57"
"Apr-96","3.91","2.00","1.71","3.30","1.35","1.51","1.85","0.96","2.38","6.83","2.54","1.16","0.53"
"May-96","4.78","2.40","2.84","4.74","2.38","2.32","2.66","1.68","3.08","8.13","3.84","1.58","0.62"
"Jun-96","6.00","3.20","3.66","5.86","3.20","3.39","3.77","2.62","3.71","9.51","5.06","2.27","0.86"
"Jul-96","10.43","5.82","6.62","9.47","6.03","6.10","6.71","5.15","5.52","12.74","7.77","3.87","1.41"
"Aug-96","14.54","6.96","10.53","13.00","9.82","10.63","11.79","9.59","8.63","18.86","13.17","7.35","3.01"
"Sep-96","11.35","5.33","8.74","10.92","8.12","10.45","12.71","10.37","9.46","19.72","13.85","8.26","3.63"
"Oct-96","9.21","4.58","6.59","9.09","6.25","7.06","9.24","7.46","7.43","17.56","13.09","9.28","4.50"
"Nov-96","7.30","3.52","4.51","7.29","4.36","4.26","6.41","4.65","5.67","14.10","10.54","8.17","3.76"
"Dec-96","5.65","2.61","3.02","5.58","2.77","2.66","4.42","2.56","3.82","10.21","7.31","5.81","2.56"
"Jan-97","4.56","2.00","2.22","4.34","1.90","1.91","2.94","1.48","2.87","7.94","5.05","3.69","1.57"
"Feb-97","3.65","1.53","1.69","3.35","1.26","1.51","1.87","1.12","2.51","7.09","3.89","2.55","1.10"
"Mar-97","3.31","1.45","1.37","2.79","0.92","1.24","1.60","0.88","2.20","6.40","2.92","1.61","0.71"
"Apr-97","3.47","1.54","1.68","2.96","1.21","1.57","1.94","1.19","2.44","6.81","2.90","1.29","0.55"
"May-97","3.97","2.04","1.93","3.34","1.46","1.74","2.07","1.35","2.62","7.17","3.10","1.22","0.47"
"Jun-97","4.99","2.90","2.70","4.53","2.20","2.87","3.13","2.30","3.29","8.58","4.26","1.72","0.59"
"Jul-97","10.39","5.77","7.20","9.70","6.46","8.41","9.37","7.54","7.04","15.52","10.05","5.00","1.88"
"Aug-97","11.29","5.27","8.58","10.64","7.79","10.45","12.64","10.49","9.76","20.69","14.69","8.44","3.77"
"Sep-97","12.19","5.59","9.17","11.30","8.41","9.74","11.09","9.06","8.48","19.13","13.74","8.77","4.06"
"Oct-97","10.54","5.21","7.62","10.18","7.18","6.49","7.52","5.98","6.35","15.65","11.59","8.48","3.97"
"Nov-97","6.82","3.18","4.24","6.93","3.92","3.36","3.80","2.77","3.79","10.16","7.37","5.84","2.63"
"Dec-97","5.38","2.43","2.90","5.39","2.49","2.27","2.59","1.71","2.93","8.09","5.14","3.86","1.63"
"Jan-98","4.30","1.89","2.10","4.24","1.69","1.72","2.05","1.21","2.51","7.08","3.83","2.52","1.05"
"Feb-98","3.57","1.51","1.61","3.35","1.18","1.38","1.71","0.87","2.22","6.42","2.91","1.58","0.70"
"Mar-98","3.05","1.35","1.29","2.53","0.81","1.16","1.50","0.70","1.97","6.04","2.42","1.09","0.52"
"Apr-98","3.77","1.84","1.80","3.09","1.40","1.35","1.62","0.81","2.05","6.09","2.27","0.86","0.39"
"May-98","4.85","2.73","2.64","4.40","2.22","1.84","2.09","1.24","2.47","6.74","2.67","0.95","0.40"
"Jun-98","5.53","2.85","3.26","5.26","2.80","3.19","3.32","2.33","3.16","8.38","4.10","1.60","0.57"
"Jul-98","11.33","6.42","7.85","10.50","7.13","7.25","7.61","5.99","5.49","12.81","7.89","3.79","1.39"
"Aug-98","12.52","7.15","8.90","11.43","8.18","7.51","7.97","6.37","5.97","14.06","8.97","4.71","1.72"
"Sep-98","11.90","6.21","8.67","11.15","8.17","8.12","9.25","7.50","6.97","16.09","10.89","6.10","2.35"
"Oct-98","7.65","4.00","4.90","7.36","4.44","3.86","4.55","3.39","4.50","12.18","8.53","5.99","2.54"
"Nov-98","6.18","2.97","3.59","5.95","3.15","2.65","3.19","2.19","3.86","10.00","6.50","4.53","1.93"
"Dec-98","4.81","2.12","2.54","4.51","2.03","1.80","2.30","1.41","3.16","8.72","5.36","3.61","1.54"
"Jan-99","4.22","1.79","1.99","3.52","1.48","1.36","1.69","0.87","2.47","6.75","3.36","2.04","0.93"
"Feb-99","3.39","1.31","1.49","2.82","0.97","1.12","1.48","0.71","2.21","6.15","2.67","1.36","0.67"
"Mar-99","3.11","1.22","1.21","2.43","0.73","0.96","1.27","0.55","1.89","5.65","2.19","0.93","0.44"
"Apr-99","2.97","1.09","1.28","2.30","0.75","1.12","1.45","0.73","2.17","6.04","2.34","0.94","0.43"
"May-99","4.19","1.92","2.69","3.92","2.04","2.88","3.26","2.31","3.51","9.02","4.66","2.13","0.85"
"Jun-99","6.76","3.41","4.85","6.92","4.11","6.04","6.64","5.28","5.72","13.77","8.81","4.60","1.66"
"Jul-99","9.32","5.18","6.56","8.95","5.89","6.74","7.55","6.13","6.31","14.72","9.67","5.51","2.02"
"Aug-99","11.58","6.22","8.25","10.75","7.53","8.72","10.22","8.54","8.44","18.92","13.43","7.92","3.46"
"Sep-99","14.11","7.18","10.99","13.12","10.15","10.10","11.17","9.15","8.25","18.57","13.11","8.21","3.69"
"Oct-99","9.28","4.65","6.87","9.10","6.36","6.44","7.47","6.03","6.22","15.39","11.40","8.23","3.92"
"Nov-99","8.95","4.65","6.13","8.70","5.70","4.82","5.89","4.53","5.26","13.30","9.74","7.42","3.44"
"Dec-99","6.15","2.87","3.51","5.97","3.03","2.76","3.20","2.28","3.61","9.62","6.73","5.25","2.29"
"Jan-00","4.80","2.19","2.41","4.46","1.87","1.93","2.23","1.36","2.79","7.67","4.77","3.44","1.41"
"Feb-00","4.12","1.96","2.01","3.75","1.44","1.58","1.87","1.06","2.44","6.84","3.58","2.28","1.01"
"Mar-00","3.79","1.78","1.87","3.53","1.28","1.51","1.76","1.03","2.34","6.64","2.97","1.60","0.76"
"Apr-00","4.09","2.23","1.97","3.54","1.38","1.52","1.79","1.07","2.41","6.74","2.79","1.26","0.52"
"May-00","6.39","3.45","4.47","6.49","3.73","3.78","4.39","3.29","3.94","9.82","5.27","2.31","0.85"
"Jun-00","8.58","4.68","6.22","8.49","5.43","6.56","7.79","6.20","6.13","14.31","9.21","4.65","1.73"
"Jul-00","13.17","7.14","9.50","11.98","8.63","9.41","11.73","9.78","9.19","19.77","13.76","7.61","3.24"
"Aug-00","12.59","6.82","9.58","11.57","8.59","9.60","11.51","9.54","8.62","19.30","13.83","8.72","4.06"
"Sep-00","13.94","7.54","10.43","12.77","9.58","11.19","13.90","11.50","10.32","21.60","15.42","9.88","4.76"
"Oct-00","9.42","5.02","6.72","9.17","6.09","6.12","7.74","6.21","6.71","16.64","12.54","9.41","4.47"
"Nov-00","7.36","3.82","4.72","7.22","4.10","3.88","4.79","3.59","4.52","11.81","9.00","7.43","3.46"
"Dec-00","5.79","2.83","3.23","5.60","2.66","2.64","3.00","2.04","3.38","9.18","6.42","5.10","2.24"
"Jan-01","4.72","2.22","2.40","4.41","1.74","2.03","2.32","1.39","2.78","7.81","4.77","3.43","1.49"
"Feb-01","3.91","1.81","1.79","3.48","1.12","1.66","1.99","1.10","2.48","7.09","3.65","2.26","1.04"
"Mar-01","3.86","1.82","1.84","3.39","1.17","1.68","1.98","1.11","2.41","6.90","3.09","1.56","0.77"
"Apr-01","3.39","1.62","1.53","3.06","0.87","1.53","1.91","1.02","2.42","6.97","2.96","1.34","0.61"
"May-01","5.64","3.11","3.19","5.26","2.50","2.46","2.58","1.62","2.84","7.71","3.45","1.34","0.49"
"Jun-01","9.45","5.29","6.72","9.17","5.93","6.44","6.95","5.46","5.50","12.94","7.96","3.78","1.35"
"Jul-01","13.51","7.28","9.35","12.18","8.65","9.50","10.60","8.63","7.93","17.71","12.12","6.51","2.62"
"Aug-01","13.84","6.83","10.82","12.98","9.98","11.44","13.35","11.05","9.96","20.63","14.48","8.31","3.65"
"Sep-01","13.22","6.96","10.24","12.33","9.48","10.41","12.94","10.65","9.49","20.67","14.90","9.57","4.68"
"Oct-01","10.19","5.34","7.32","9.74","6.69","6.42","8.01","6.35","6.65","16.12","12.08","8.97","4.35"
"Nov-01","9.52","4.89","6.55","9.20","6.10","5.25","6.44","4.95","5.16","13.01","9.58","7.27","3.44"
"Dec-01","6.51","3.33","3.87","6.51","3.33","3.10","3.65","2.53","3.54","9.58","6.53","4.91","2.26"
"Jan-02","5.51","2.73","2.84","5.43","2.33","2.33","2.72","1.69","2.91","8.11","4.81","3.29","1.47"
"Feb-02","4.61","2.28","2.28","4.49","1.64","1.91","2.29","1.31","2.58","7.33","3.78","2.27","1.08"
"Mar-02","4.05","2.00","1.95","3.65","1.15","1.66","2.04","1.05","2.40","6.96","3.05","1.52","0.77"
"Apr-02","3.67","2.01","1.75","3.29","0.96","1.54","1.92","0.93","2.32","6.77","2.70","1.14","0.59"
"May-02","5.97","3.40","3.56","5.71","2.86","2.70","2.95","1.88","2.83","7.66","3.34","1.28","0.58"
"Jun-02","7.35","3.78","5.04","7.38","4.34","6.27","6.70","5.25","5.16","12.31","7.49","3.43","1.30"
"Jul-02","13.97","7.00","9.41","12.23","8.81","10.06","11.36","9.43","8.15","17.65","12.09","6.33","2.60"
"Aug-02","16.05","8.16","11.59","14.02","10.90","11.68","13.39","11.14","9.95","20.74","14.65","8.25","3.70"
"Sep-02","10.26","4.89","8.98","10.60","8.14","10.00","12.61","10.43","9.72","20.86","14.97","9.37","4.53"
"Oct-02","8.78","4.52","6.10","8.60","5.53","5.74","8.00","6.41","6.46","15.85","11.87","8.86","4.25"
"Nov-02","7.42","3.72","4.64","7.30","4.06","3.88","5.02","3.76","4.49","11.66","8.43","6.63","3.05"
"Dec-02","6.60","3.04","3.92","6.59","3.34","3.11","3.61","2.51","3.55","9.59","6.32","4.68","2.08"
"Jan-03","5.87","2.71","3.37","5.93","2.86","2.66","2.96","1.93","3.04","8.40","4.86","3.08","1.38"
"Feb-03","4.67","2.19","2.38","4.68","1.89","1.99","2.34","1.41","2.63","7.51","3.74","2.00","0.98"
"Mar-03","3.99","1.87","1.91","3.92","1.40","1.67","2.06","1.16","2.45","7.11","3.16","1.32","0.74"
"Apr-03","3.64","1.72","1.76","3.58","1.20","1.61","1.98","1.14","2.42","6.99","2.84","1.06","0.49"
"May-03","3.98","2.15","1.90","3.68","1.32","1.73","2.12","1.28","2.67","7.49","3.18","1.11","0.49"
"Jun-03","5.83","3.52","3.51","5.72","2.87","3.77","4.18","3.09","4.05","10.36","5.81","2.38","0.86"
"Jul-03","8.73","5.02","6.31","8.73","5.55","5.96","6.32","4.93","5.17","12.41","7.59","3.51","1.36"
"Aug-03","10.18","5.33","7.44","9.78","6.65","7.67","9.01","7.43","7.34","16.54","11.18","5.94","2.31"
"Sep-03","11.35","5.89","9.02","11.14","8.23","8.98","11.28","9.40","8.80","19.23","13.65","7.82","3.42"
"Oct-03","7.84","3.97","5.51","7.99","4.72","4.80","6.22","4.85","5.59","14.04","10.20","7.30","3.47"
"Nov-03","5.70","2.75","3.38","5.92","2.68","2.70","3.23","2.21","3.59","9.62","6.44","4.75","2.16"
"Dec-03","4.12","1.93","2.12","4.23","1.45","1.81","2.23","1.32","2.83","7.93","4.58","3.12","1.35"
"Jan-04","3.45","1.74","1.61","3.35","0.96","1.47","1.86","1.02","2.46","7.03","3.36","2.02","0.90"
"Feb-04","3.08","1.61","1.23","2.75","0.64","1.30","1.77","0.90","2.28","6.68","2.73","1.38","0.66"
"Mar-04","2.53","1.24","0.82","2.21","0.21","1.03","1.50","0.67","2.07","6.27","2.40","1.05","0.51"
"Apr-04","3.36","1.97","1.34","2.76","0.68","1.25","1.67","0.80","2.16","6.38","2.32","0.81","0.37"
"May-04","5.32","2.85","3.07","5.03","2.35","2.29","2.53","1.55","2.66","7.35","2.97","1.00","0.42"
"Jun-04","7.05","3.79","5.39","7.44","4.41","4.70","5.21","3.97","4.64","11.39","6.56","2.88","1.01"
"Jul-04","10.44","5.71","7.59","9.89","6.71","6.67","7.44","5.94","5.75","13.33","8.28","4.00","1.40"
"Aug-04","12.73","6.27","9.46","11.66","8.79","9.56","11.73","9.78","9.05","19.65","13.80","7.53","3.05"
"Sep-04","13.27","6.65","10.13","12.35","9.48","11.06","12.93","10.68","9.26","20.16","14.47","8.75","4.02"
"Oct-04","9.95","5.05","6.95","9.44","6.41","5.95","6.64","5.15","5.38","13.70","10.10","7.67","3.69"
"Nov-04","6.79","3.21","4.08","6.59","3.38","3.15","3.55","2.47","3.52","9.54","6.31","4.87","2.14"
"Dec-04","5.39","2.44","2.94","5.20","2.18","2.25","2.67","1.68","2.94","8.29","4.72","3.32","1.38"
"Jan-05","4.37","2.14","2.10","4.11","1.38","1.74","2.12","1.21","2.53","7.32","3.47","2.05","0.91"
"Feb-05","3.48","1.70","1.42","3.23","0.76","1.43","1.86","0.98","2.29","6.87","2.76","1.37","0.64"
"Mar-05","3.68","2.08","1.49","3.06","0.80","1.42","1.77","0.89","2.15","6.48","2.42","1.02","0.54"
"Apr-05","3.99","2.34","2.05","3.67","1.31","1.62","1.92","1.09","2.34","6.86","2.55","0.95","0.45"
"May-05","4.08","2.49","2.07","3.77","1.33","1.66","2.03","1.18","2.46","7.10","2.63","0.84","0.30"
"Jun-05","5.84","3.58","3.50","5.64","2.75","3.84","3.93","2.72","3.32","8.68","4.02","1.49","0.50"
"Jul-05","8.89","4.90","6.35","8.57","5.44","7.82","8.57","6.86","6.27","14.23","8.93","4.34","1.54"
"Aug-05","13.19","6.58","9.75","11.82","8.87","11.63","13.36","11.14","10.11","20.92","14.79","8.14","3.51"
"Sep-05","11.04","5.30","9.24","10.88","8.40","10.25","12.33","10.21","9.28","20.35","14.57","8.76","4.15"
"Oct-05","8.89","4.50","6.63","8.74","5.81","6.95","8.32","6.70","6.55","15.99","11.77","8.41","4.01"
"Nov-05","7.46","3.77","4.71","7.35","4.18","3.85","4.56","3.36","4.18","11.01","7.77","5.98","2.64"
"Dec-05","5.43","2.76","3.05","5.41","2.47","2.46","3.06","2.02","3.39","9.17","5.83","4.15","1.78"
"Jan-06","4.35","2.21","2.28","4.34","1.61","1.86","2.35","1.30","2.76","7.82","4.21","2.68","1.16"
"Feb-06","3.51","1.82","1.67","3.36","0.98","1.57","2.03","1.04","2.46","7.10","3.22","1.73","0.88"
"Mar-06","3.17","1.69","1.46","3.01","0.72","1.39","1.87","0.91","2.31","6.78","2.72","1.19","0.60"
"Apr-06","2.85","1.41","1.16","2.60","0.43","1.26","1.79","0.82","2.30","6.80","2.63","0.93","0.49"
"May-06","4.10","2.37","2.52","4.11","1.81","1.95","2.34","1.33","2.64","7.34","2.96","1.02","0.48"
"Jun-06","6.47","3.96","4.12","6.35","3.43","3.33","3.70","2.61","3.40","9.07","4.52","1.71","0.61"
"Jul-06","9.40","5.11","6.54","8.82","5.96","7.15","8.01","6.60","6.71","15.05","9.62","4.69","1.64"
"Aug-06","12.21","5.44","9.01","11.14","8.58","9.56","11.39","9.55","9.06","19.66","13.84","7.60","3.11"
"Sep-06","10.82","5.10","8.40","10.45","7.93","7.59","8.92","7.31","7.54","17.77","12.82","8.23","3.70"
"Oct-06","10.48","5.39","7.99","10.17","7.60","7.09","9.42","7.76","7.70","17.90","12.97","8.59","3.94"
"Nov-06","6.86","3.25","4.21","6.74","3.76","3.33","4.63","3.43","4.22","11.26","8.02","6.17","2.74"
"Dec-06","5.07","2.43","2.67","4.99","2.14","2.11","2.60","1.63","3.02","8.47","5.24","3.81","1.62"
"Jan-07","4.09","1.94","1.89","3.87","1.31","1.58","2.08","1.08","2.59","7.37","3.81","2.50","1.21"
"Feb-07","3.45","1.74","1.54","3.11","0.89","1.37","1.86","0.84","2.32","6.80","2.93","1.59","0.69"
"Mar-07","2.91","1.39","1.12","2.54","0.47","1.17","1.69","0.70","2.22","6.58","2.59","1.13","0.51"
"Apr-07","3.45","1.90","1.46","2.79","0.84","1.21","1.69","0.65","2.15","6.45","2.40","0.86","0.33"
"May-07","5.08","2.80","2.82","4.77","2.22","1.85","2.34","1.43","2.87","8.00","3.57","1.28","0.38"
"Jun-07","5.61","3.05","3.49","5.70","2.87","2.99","3.43","2.43","3.35","8.96","4.41","1.75","0.45"
"Jul-07","7.94","4.58","4.94","7.50","4.37","5.18","5.60","4.45","5.10","12.63","7.68","3.73","1.08"
"Aug-07","11.51","6.22","8.32","10.56","7.79","8.35","9.69","8.02","7.94","17.69","12.06","6.36","2.35"
"Sep-07","12.38","6.62","9.45","11.41","8.88","8.94","10.39","8.52","7.77","17.83","12.54","7.36","3.03"
"Oct-07","9.87","5.19","7.63","9.63","7.06","7.79","10.21","8.43","7.84","18.06","13.05","8.34","3.74"
"Nov-07","7.30","3.77","4.67","7.18","4.17","3.91","5.57","4.25","5.16","13.07","9.28","6.92","3.07"
"Dec-07","5.30","2.75","2.78","5.24","2.33","2.26","2.90","1.92","3.32","9.14","5.75","4.22","1.89"
"Jan-08","3.96","2.05","1.75","3.76","1.30","1.55","2.08","1.11","2.66","7.57","4.00","2.57","1.18"
"Feb-08","3.85","1.94","1.79","3.59","1.29","1.50","1.86","0.99","2.46","7.06","3.24","1.73","0.92"
"Mar-08","3.51","1.85","1.42","2.99","0.96","1.32","1.69","0.76","2.34","6.78","2.76","1.19","0.55"
"Apr-08","3.47","1.80","1.53","2.97","1.10","1.38","1.88","0.92","2.40","6.90","2.70","1.01","0.37"
"May-08","4.87","2.73","2.83","4.83","2.24","2.32","2.96","2.03","3.26","8.73","4.12","1.68","0.48"
"Jun-08","7.58","3.98","5.24","7.38","4.55","6.44","7.16","5.61","5.28","12.55","7.47","3.49","1.05"
"Jul-08","11.78","5.76","8.59","10.56","8.01","8.91","9.60","7.64","6.52","14.97","9.69","4.84","1.63"
"Aug-08","15.69","7.67","11.70","13.69","11.47","11.42","12.49","10.35","8.87","19.26","13.51","7.44","2.97"
"Sep-08","13.00","6.60","10.08","11.88","9.77","9.27","10.65","8.90","7.97","18.21","12.93","7.92","3.43"
"Oct-08","9.68","4.94","7.25","9.47","7.17","6.53","8.19","6.58","6.47","15.74","11.40","8.03","3.56"
"Nov-08","8.76","4.62","6.14","8.64","6.00","4.98","6.49","4.97","5.19","13.12","9.28","6.96","2.98"
"Dec-08","5.80","3.02","3.25","5.94","2.96","2.68","3.71","2.71","3.32","10.02","6.48","4.84","2.08"
"Jan-09","4.77","2.59","2.43","4.71","2.11","1.93","2.44","1.44","2.86","7.93","4.30","2.92","1.37"
"Feb-09","3.77","2.11","1.86","3.71","1.51","1.55","2.02","1.05","2.51","7.09","3.31","1.83","0.88"
"Mar-09","3.30","1.81","1.35","2.98","1.03","1.27","1.75","0.77","2.33","6.74","2.77","1.22","0.49"
"Apr-09","3.94","2.21","1.89","3.47","1.04","1.43","1.92","0.99","2.46","6.99","2.82","0.94","0.33"
"May-09","4.27","2.54","2.52","4.24","1.64","2.15","2.56","1.64","3.16","8.50","3.98","0.00","0.48"
"Jun-09","5.65","3.30","3.84","5.94","2.94","4.57","4.97","3.85","4.60","11.51","6.56","2.19","0.82"
"Jul-09","9.85","4.73","7.21","9.37","6.17","7.87","8.77","7.16","7.00","15.71","10.16","5.03","1.67"
"Aug-09","10.90","5.75","7.94","10.12","7.23","8.54","10.08","8.40","8.16","18.40","12.97","7.35","2.94"
"Sep-09","10.34","5.40","7.92","10.05","7.10","6.91","8.54","6.96","7.46","17.66","12.47","7.86","3.22"
"Oct-09","7.40","3.60","5.32","7.77","4.63","4.91","7.31","5.94","7.12","17.00","12.42","8.52","3.75"
"Nov-09","5.47","2.85","3.20","5.68","2.51","2.59","3.69","2.70","4.08","10.87","7.62","6.21","2.58"
"Dec-09","4.55","2.51","2.36","4.68","1.72","1.83","2.00","1.39","2.93","8.12","4.84","3.92","1.59"
"Jan-10","3.86","2.20","1.78","3.78","1.23","1.43","1.87","0.94","2.55","7.20","3.61","2.68","1.14"
"Feb-10","2.92","1.29","1.02","2.79","0.51","1.19","1.66","0.73","2.32","6.76","2.93","1.89","0.69"
"Mar-10","2.87","1.43","0.63","2.28","0.12","0.94","1.37","0.35","2.03","6.17","2.39","1.42","0.50"
"Apr-10","3.54","1.95","1.09","2.60","0.51","1.18","1.62","0.67","2.27","6.54","2.48","0.90","0.32"
"May-10","3.99","2.19","1.71","3.24","1.04","1.57","1.90","1.01","2.50","6.99","2.70","0.93","0.22"
"Jun-10","4.99","3.00","2.73","4.86","1.96","2.64","2.84","1.87","2.97","8.02","3.50","1.19","0.24"
"Jul-10","7.39","4.32","4.98","7.34","4.09","4.81","4.88","3.66","4.00","9.96","5.06","1.97","0.56"
"Aug-10","10.66","5.28","8.95","10.60","7.81","8.62","9.59","7.87","6.89","15.59","10.02","5.01","1.68"
"Sep-10","10.66","5.23","9.39","10.69","8.21","9.24","10.92","8.97","7.65","17.52","12.06","6.81","2.59"
"Oct-10","8.97","4.74","6.75","8.96","5.90","6.68","8.67","7.02","6.54","15.75","10.94","7.15","2.95"
"Nov-10","6.36","3.24","4.13","6.54","3.39","3.44","5.08","3.84","4.48","11.52","7.72","5.59","2.43"
"Dec-10","4.64","2.54","2.47","4.91","1.74","2.08","3.19","2.26","3.38","9.15","5.66","3.63","1.81"
"Jan-11","4.29","2.37","2.02","4.15","1.38","1.83","2.19","1.32","2.62","7.26","3.58","2.35","1.00"
"Feb-11","3.55","1.99","1.43","3.32","0.76","1.60","1.98","1.10","2.41","6.79","2.92","1.52","0.71"
"Mar-11","3.94","2.26","1.75","3.51","1.02","1.63","1.93","1.05","2.38","6.67","2.68","1.20","0.73"
"Apr-11","4.03","2.28","1.78","3.51","1.02","1.68","2.03","1.15","2.51","6.98","2.76","1.15","0.61"
"May-11","5.74","3.01","3.59","5.97","2.80","2.75","2.96","2.02","3.08","8.09","3.48","1.19","0.56"
"Jun-11","7.21","3.72","5.04","7.46","4.16","4.51","4.66","3.76","4.54","11.19","6.18","2.65","0.90"
"Jul-11","10.36","4.80","8.25","10.12","7.07","8.91","9.73","7.97","7.38","16.64","10.89","5.54","1.87"
"Aug-11","11.72","5.43","10.12","11.36","8.77","11.79","13.80","11.47","9.66","20.54","14.36","8.08","3.30"
"Sep-11","12.12","5.36","10.49","11.71","9.19","10.63","13.33","11.12","9.89","21.14","14.92","9.11","4.10"
"Oct-11","8.59","3.78","7.02","8.78","5.95","7.82","10.53","8.63","8.32","19.27","14.13","9.75","4.65"
"Nov-11","6.57","3.00","3.54","6.67","3.46","3.64","5.86","4.47","5.12","13.09","9.67","7.67","3.40"
"Dec-11","5.03","2.45","2.08","5.00","1.97","2.28","3.14","2.14","3.41","9.35","6.16","4.84","1.94"
"Jan-12","4.34","2.14","1.74","4.25","1.53","2.02","2.58","1.60","2.91","8.08","4.46","3.05","1.22"
"Feb-12","3.35","1.64","1.26","3.10","0.73","1.64","2.20","1.25","2.63","7.44","3.62","2.07","0.91"
"Mar-12","3.05","1.54","1.03","2.62","0.47","1.51","2.04","1.08","2.55","7.22","3.19","1.47","0.75"
"Apr-12","3.13","1.52","1.08","2.54","0.45","1.58","2.13","1.13","2.59","7.29","3.04","1.13","0.54"
"May-12","3.77","1.78","1.84","3.48","1.03","2.22","2.83","1.72","2.93","7.95","3.46","1.27","0.49"
"Jun-12","4.90","2.16","2.91","5.22","2.32","4.85","5.55","4.25","4.59","11.11","6.13","2.42","0.87"
"Jul-12","7.78","3.72","5.09","7.77","3.93","5.92","6.92","5.38","5.77","13.74","8.58","4.12","1.42"
"Aug-12","12.83","5.89","9.85","11.69","8.80","9.26","10.31","8.39","7.81","17.24","11.55","6.06","2.11"
"Sep-12","10.14","4.76","7.85","9.86","7.01","7.53","8.86","7.51","7.68","18.01","12.62","7.40","2.86"
"Oct-12","8.05","4.02","5.32","7.95","4.71","4.26","4.99","3.86","5.09","13.26","9.35","6.70","2.82"
"Nov-12","6.19","2.93","3.54","6.17","3.01","2.94","3.36","2.41","3.54","9.55","6.05","4.41","1.78"
"Dec-12","5.26","2.68","2.67","5.23","2.13","2.29","2.66","1.71","2.97","8.15","4.46","2.98","1.29"
"Jan-13","4.63","2.51","2.05","4.51","1.51","1.90","2.29","1.32","2.63","7.31","3.37","1.91","0.91"
"Feb-13","4.40","2.39","1.86","4.22","1.30","1.87","2.23","1.23","2.55","7.09","2.97","1.28","0.76"
"Mar-13","3.96","2.05","1.53","3.80","1.05","1.77","2.13","1.20","2.53","7.00","2.78","1.00","0.53"
"Apr-13","3.94","2.30","1.37","3.44","0.79","1.61","1.99","1.00","2.47","6.89","2.65","0.93","0.54"
"May-13","4.72","2.64","2.42","4.70","1.70","2.59","2.97","1.96","2.98","7.97","3.41","1.13","0.55"
"Jun-13","5.21","2.70","2.98","5.38","2.19","3.60","4.17","2.99","3.76","9.63","4.79","1.82","0.70"
"Jul-13","7.80","3.45","5.45","8.01","4.38","6.24","7.30","5.61","5.75","13.49","8.15","3.74","1.25"
"Aug-13","11.84","4.90","9.42","11.29","8.20","9.81","11.02","9.26","8.45","18.77","13.00","7.10","2.60"
"Sep-13","10.71","4.45","8.56","10.43","7.63","8.43","10.94","9.30","9.01","19.33","13.42","7.90","3.12"
"Oct-13","7.92","3.84","5.56","8.08","4.85","5.30","7.52","6.24","6.99","16.93","12.47","8.67","3.96"
"Nov-13","7.78","4.20","5.01","7.69","4.48","4.08","5.39","4.22","4.91","12.36","8.72","6.46","2.79"
"Dec-13","7.41","3.88","4.60","7.40","4.03","3.41","3.88","2.82","3.75","9.82","6.17","4.42","1.78"
"Jan-14","5.88","3.18","3.25","6.00","2.65","2.56","2.95","1.95","3.09","8.39","4.58","2.90","1.21"
"Feb-14","4.89","2.85","2.32","4.89","1.71","2.11","2.46","1.51","2.79","7.64","3.62","1.87","0.85"
"Mar-14","5.58","3.38","3.00","5.75","2.33","2.47","2.76","1.77","2.83","7.78","3.46","1.45","0.77"
"Apr-14","5.20","3.10","2.61","5.30","1.98","2.32","2.64","1.70","2.89","7.88","3.43","1.18","0.61"
"May-14","5.64","3.36","3.03","5.84","2.34","2.49","2.79","1.84","3.02","8.15","3.61","1.20","0.57"
"Jun-14","5.39","2.97","3.25","5.89","2.59","4.19","4.77","3.70","4.39","10.69","5.61","2.14","0.74"
"Jul-14","7.88","3.64","5.02","7.66","4.18","6.59","8.38","6.94","7.40","16.65","10.85","5.44","1.81"
"Aug-14","10.18","4.44","7.67","9.73","6.50","8.83","10.99","9.17","8.77","19.26","13.61","7.98","3.25"
"Sep-14","10.68","4.57","8.76","10.67","7.54","7.96","9.41","7.66","7.56","17.47","12.11","7.60","3.00"
"Oct-14","8.33","3.99","5.93","8.45","5.03","5.09","6.12","4.75","5.46","13.90","9.63","6.68","2.75"
"Nov-14","6.74","3.32","4.11","6.88","3.44","3.27","3.99","2.88","3.80","10.14","6.35","4.45","1.83"
"Dec-14","6.24","3.38","3.51","6.35","2.88","2.71","3.11","2.09","3.20","8.66","4.70","2.86","1.27"
"Jan-15","5.21","2.60","2.68","5.39","2.10","2.20","2.58","1.60","2.87","7.85","3.69","1.97","0.92"
"Feb-15","4.15","2.06","1.73","4.21","1.20","1.80","2.17","1.22","2.60","7.27","3.04","1.62","0.64"
"Mar-15","5.30","3.20","2.42","5.15","1.84","2.07","2.36","1.39","2.63","7.26","2.92","1.37","0.58"
"Apr-15","5.64","3.29","3.02","5.70","2.33","2.51","2.80","1.82","2.88","7.83","3.34","2.12","0.63"
"May-15","4.91","2.55","2.56","5.11","1.92","2.43","2.73","1.74","2.88","7.83","3.27","1.02","0.47"
"Jun-15","6.20","3.58","3.63","6.30","2.85","2.88","3.20","2.21","3.30","8.63","3.85","1.25","0.50"
"Jul-15","7.24","3.82","3.98","6.94","3.29","4.73","5.09","3.86","4.59","11.23","6.03","2.39","0.76"
"Aug-15","10.96","5.08","8.28","10.41","7.12","8.77","9.63","7.82","7.03","15.99","10.41","5.23","1.79"
"Sep-15","9.70","4.18","7.56","9.69","6.48","7.76","9.11","7.39","6.87","15.91","10.49","5.72","2.06"
"Oct-15","7.09","3.20","4.86","7.42","4.05","5.18","6.43","5.05","5.51","13.59","8.82","5.38","2.10"
"Nov-15","5.73","2.73","3.20","5.94","2.53","2.88","3.41","2.34","3.41","9.12","5.03","3.12","1.40"
"Dec-15","4.99","2.38","2.28","5.01","1.77","2.09","2.47","1.50","2.81","7.63","3.57","1.80","0.96"
"Jan-16","4.60","2.47","1.87","4.56","1.38","1.89","2.21","1.27","2.61","7.16","2.94","1.29","0.72"
"Feb-16","4.18","2.07","1.75","4.15","1.22","1.91","2.24","1.29","2.59","7.09","2.82","1.26","0.73"
"Mar-16","4.89","2.79","2.11","4.72","1.57","1.90","2.15","1.21","2.48","6.80","2.52","0.94","0.52"
"Apr-16","4.83","2.71","2.27","4.84","1.71","2.22","2.50","1.56","2.71","7.35","2.79","0.90","0.44"
"May-16","4.97","2.62","2.27","4.96","1.71","2.18","2.45","1.51","2.69","7.28","2.69","0.86","0.43"
"Jun-16","5.30","2.55","2.80","5.55","2.18","3.10","3.48","2.51","3.50","8.92","3.94","1.33","0.51"
"Jul-16","6.92","3.17","4.52","7.29","3.72","5.65","6.42","5.14","5.42","13.22","7.86","3.52","1.23"
"Aug-16","11.06","4.57","8.29","10.77","7.37","7.67","8.39","6.78","6.55","15.19","9.49","4.57","1.52"
"Sep-16","10.08","4.06","8.27","10.35","7.23","8.41","10.00","8.21","7.82","17.73","11.89","6.38","2.31"
"Oct-16","7.27","3.09","5.25","7.81","4.51","4.86","6.59","5.21","6.02","15.03","10.30","6.61","2.71"
"Nov-16","7.41","3.60","4.88","7.57","4.20","4.05","5.12","3.88","4.64","11.77","7.58","5.15","2.19"
"Dec-16","5.87","2.99","3.09","6.00","2.56","2.66","3.19","2.20","3.56","9.46","5.35","3.34","1.51"
"Jan-17","5.40","2.57","2.72","5.59","2.20","2.44","2.77","1.79","3.07","8.27","4.06","2.19","1.08"
"Feb-17","5.19","3.02","2.26","5.17","1.75","2.11","2.36","1.44","2.78","7.48","3.24","1.43","0.80"
"Mar-17","6.05","3.49","3.15","6.15","2.64","2.67","2.92","1.94","3.00","8.01","3.39","1.30","0.67"
"Apr-17","5.95","3.15","2.79","5.77","2.32","2.59","2.88","2.02","3.06","8.16","3.48","1.31","0.65"
"May-17","6.37","3.51","3.95","6.80","3.26","3.43","3.78","2.88","3.66","9.36","4.37","1.67","0.76"
"Jun-17","5.66","2.91","3.32","6.17","2.54","4.44","5.51","4.48","5.02","12.45","7.11","3.13","1.10"
"Jul-17","8.46","3.88","5.99","8.67","5.26","7.61","9.35","7.69","7.40","16.34","10.30","5.11","1.78"
"Aug-17","10.84","4.79","8.16","10.45","7.08","8.87","11.10","9.12","8.29","18.87","13.11","7.45","2.91"
"Sep-17","10.93","5.34","8.50","10.71","7.44","8.59","10.69","8.74","7.74","17.82","12.25","7.47","2.99"
"Oct-17","8.48","3.77","6.63","9.10","5.47","6.03","7.80","6.13","6.26","15.58","10.81","7.24","3.05"
"Nov-17","7.91","4.09","5.03","7.94","3.94","4.06","5.42","3.98","4.79","12.08","7.76","5.28","2.25"
"Dec-17","6.80","3.61","4.01","6.95","2.96","3.25","3.78","2.61","3.71","9.74","5.53","3.43","1.56"
"Jan-18","6.19","3.30","3.24","6.30","2.27","2.67","2.98","1.85","3.16","8.43","4.10","2.17","1.06"
"Feb-18","4.80","2.50","2.01","4.93","1.20","2.22","2.55","1.48","2.91","7.88","3.52","1.60","0.80"
"Mar-18","4.50","2.51","1.70","4.69","1.22","1.95","2.22","1.20","2.72","7.45","3.00","1.22","0.66"
"Apr-18","5.97","3.39","2.89","6.03","2.32","2.47","2.72","1.63","2.93","7.83","3.21","1.18","0.67"
"May-18","6.88","3.81","4.08","7.12","3.38","3.36","3.69","2.47","3.41","8.95","3.90","1.38","0.71"
"Jun-18","7.29","3.57","4.41","7.43","3.64","4.60","5.12","3.84","4.69","11.57","6.21","2.44","0.88"
"Jul-18","10.03","4.26","6.98","9.71","6.06","8.18","9.78","8.10","7.77","16.76","10.54","5.15","1.69"
"Aug-18","14.29","5.70","10.90","12.95","9.64","12.15","14.25","11.89","10.62","21.85","15.24","8.54","3.49"
"Sep-18","12.99","5.56","10.17","12.00","8.87","10.37","12.05","9.94","9.00","20.15","14.38","8.82","3.90"
"Oct-18","9.68","4.58","6.09","8.85","5.26","5.25","5.94","4.42","5.13","13.06","9.04","6.54","2.90"
"Nov-18","9.73","3.54","4.43","7.35","3.72","3.68","4.20","2.88","3.83","10.05","6.03","4.05","1.70"
"Dec-18","8.83","2.89","2.70","5.69","2.08","2.57","2.99","1.81","3.11","8.46","4.33","2.50","1.18"
"Jan-19","9.19","3.25","3.15","6.17","2.52","2.89","3.25","2.03","3.21","8.51","4.10","1.95","1.02"
"Feb-19","8.86","3.15","2.45","5.56","1.84","2.41","2.73","1.57","2.85","7.79","3.40","1.35","0.66"
"Mar-19","9.03","3.75","3.27","6.35","2.65","2.97","3.28","2.07","3.13","8.32","3.70","1.30","0.65"
"Apr-19","8.78","3.68","3.20","6.30","2.57","2.86","3.18","1.98","2.87","7.98","3.55","1.24","0.63"
"May-19","9.01","3.89","3.35","6.43","2.77","2.92","3.25","2.07","3.14","8.34","3.56","1.12","0.60"
"Jun-19","8.73","3.33","3.42","6.32","2.82","3.78","4.07","2.84","3.61","9.32","4.42","1.40","0.63"
"Jul-19","7.08","2.48","1.76","4.77","1.42","3.12","3.66","2.58","3.85","9.81","4.74","1.53","0.58"
"Aug-19","9.66","2.68","4.85","7.61","4.05","6.21","7.29","5.81","6.34","14.43","8.61","3.80","1.21"
"Sep-19","8.63","2.51","3.73","6.44","3.04","6.74","11.25","9.42","9.31","20.12","13.98","3.86","3.06"
"Oct-19","7.51","2.07","1.77","4.72","1.43","2.29","3.33","2.10","3.87","10.25","6.45","5.44","1.95"
"Nov-19","8.53","2.03","1.21","4.04","1.10","1.51","2.09","0.92","2.91","7.94","3.97","4.61","1.17"
"Dec-19","8.21","2.54","1.59","4.47","1.35","1.76","2.24","1.07","2.72","7.40","3.14","1.32","0.87"
